product_id,product_type,manufacturer_name,location,contact_info
1,Sensor,GE Aviation,"Evendale, OH, USA",services@geaviation.com
2,Propeller,Boeing,"Chicago, IL, USA",contact@boeing.com
3,Sensor,Rolls-Royce,"London, UK",queries@rolls-royce.com
4,Aircraft Lighting,Raytheon Technologies,"Waltham, MA, USA",info@raytheon.com
5,Exhaust System,Raytheon Technologies,"Waltham, MA, USA",info@raytheon.com
6,Fuel Meter,GE Aviation,"Evendale, OH, USA",services@geaviation.com
7,Avionics,Rolls-Royce,"London, UK",queries@rolls-royce.com
8,Aircraft Brake,Pratt & Whitney,"East Hartford, CT, USA",help@prattwhitney.com
9,Aircraft Generator,Raytheon Technologies,"Waltham, MA, USA",info@raytheon.com
10,Aircraft Battery,GE Aviation,"Evendale, OH, USA",services@geaviation.com
11,Aircraft Generator,Honeywell Aerospace,"Charlotte, NC, USA",aero@honeywell.com
12,Aircraft Brake,GE Aviation,"Evendale, OH, USA",services@geaviation.com
13,Avionics,Honeywell Aerospace,"Charlotte, NC, USA",aero@honeywell.com
14,Avionics,Boeing,"Chicago, IL, USA",contact@boeing.com
15,Aircraft Lighting,Raytheon Technologies,"Waltham, MA, USA",info@raytheon.com
16,Exhaust System,Raytheon Technologies,"Waltham, MA, USA",info@raytheon.com
17,Propeller,Safran,"Paris, France",contact@safran-group.com
18,Navigation System,Raytheon Technologies,"Waltham, MA, USA",info@raytheon.com
19,Propeller,Boeing,"Chicago, IL, USA",contact@boeing.com
20,Propeller,Boeing,"Chicago, IL, USA",contact@boeing.com
21,Engine,Boeing,"Chicago, IL, USA",contact@boeing.com
22,Exhaust System,Pratt & Whitney,"East Hartford, CT, USA",help@prattwhitney.com
23,Aircraft Brake,GE Aviation,"Evendale, OH, USA",services@geaviation.com
24,Exhaust System,Raytheon Technologies,"Waltham, MA, USA",info@raytheon.com
25,Aircraft Lighting,Pratt & Whitney,"East Hartford, CT, USA",help@prattwhitney.com
26,Propeller,Pratt & Whitney,"East Hartford, CT, USA",help@prattwhitney.com
27,Aircraft Battery,Rolls-Royce,"London, UK",queries@rolls-royce.com
28,Turbine Blade,GE Aviation,"Evendale, OH, USA",services@geaviation.com
29,Aircraft Battery,Raytheon Technologies,"Waltham, MA, USA",info@raytheon.com
30,Flight Control System,Boeing,"Chicago, IL, USA",contact@boeing.com
31,Aircraft Brake,Pratt & Whitney,"East Hartford, CT, USA",help@prattwhitney.com
32,Aircraft Alternator,Safran,"Paris, France",contact@safran-group.com
33,Turbine Blade,Boeing,"Chicago, IL, USA",contact@boeing.com
34,Aircraft Lighting,GE Aviation,"Evendale, OH, USA",services@geaviation.com
35,Turbine Blade,Airbus,"Toulouse, France",contact@airbus.com
36,Engine,Honeywell Aerospace,"Charlotte, NC, USA",aero@honeywell.com
37,Aircraft Generator,Raytheon Technologies,"Waltham, MA, USA",info@raytheon.com
38,Aircraft Generator,Airbus,"Toulouse, France",contact@airbus.com
39,Hydraulic Pump,Honeywell Aerospace,"Charlotte, NC, USA",aero@honeywell.com
40,Avionics,Safran,"Paris, France",contact@safran-group.com
41,Aircraft Brake,Raytheon Technologies,"Waltham, MA, USA",info@raytheon.com
42,Aircraft Antenna,Honeywell Aerospace,"Charlotte, NC, USA",aero@honeywell.com
43,Aircraft Battery,Pratt & Whitney,"East Hartford, CT, USA",help@prattwhitney.com
44,Aircraft Lighting,Safran,"Paris, France",contact@safran-group.com
45,Fuel Meter,Rolls-Royce,"London, UK",queries@rolls-royce.com
46,Aircraft Battery,Boeing,"Chicago, IL, USA",contact@boeing.com
47,Exhaust System,Raytheon Technologies,"Waltham, MA, USA",info@raytheon.com
48,Landing Gear,Airbus,"Toulouse, France",contact@airbus.com
49,Aircraft Tire,Pratt & Whitney,"East Hartford, CT, USA",help@prattwhitney.com
50,Aircraft Tire,Boeing,"Chicago, IL, USA",contact@boeing.com
51,Fuel Meter,Pratt & Whitney,"East Hartford, CT, USA",help@prattwhitney.com
52,Aircraft Antenna,Pratt & Whitney,"East Hartford, CT, USA",help@prattwhitney.com
53,Exhaust System,Boeing,"Chicago, IL, USA",contact@boeing.com
54,Aircraft Alternator,Pratt & Whitney,"East Hartford, CT, USA",help@prattwhitney.com
55,Aircraft Alternator,GE Aviation,"Evendale, OH, USA",services@geaviation.com
56,Aircraft Antenna,Safran,"Paris, France",contact@safran-group.com
57,Exhaust System,Airbus,"Toulouse, France",contact@airbus.com
58,Navigation System,Boeing,"Chicago, IL, USA",contact@boeing.com
59,Aircraft Battery,Raytheon Technologies,"Waltham, MA, USA",info@raytheon.com
60,Navigation System,Airbus,"Toulouse, France",contact@airbus.com
61,Aircraft Alternator,Honeywell Aerospace,"Charlotte, NC, USA",aero@honeywell.com
62,Avionics,Raytheon Technologies,"Waltham, MA, USA",info@raytheon.com
63,Aircraft Alternator,Boeing,"Chicago, IL, USA",contact@boeing.com
64,Exhaust System,Raytheon Technologies,"Waltham, MA, USA",info@raytheon.com
65,Aircraft Antenna,Airbus,"Toulouse, France",contact@airbus.com
66,Avionics,Raytheon Technologies,"Waltham, MA, USA",info@raytheon.com
67,Engine,Pratt & Whitney,"East Hartford, CT, USA",help@prattwhitney.com
68,Aircraft Brake,Airbus,"Toulouse, France",contact@airbus.com
69,Landing Gear,Airbus,"Toulouse, France",contact@airbus.com
70,Propeller,Boeing,"Chicago, IL, USA",contact@boeing.com
71,Aircraft Starter,Airbus,"Toulouse, France",contact@airbus.com
72,Turbine Blade,Rolls-Royce,"London, UK",queries@rolls-royce.com
73,Engine,Rolls-Royce,"London, UK",queries@rolls-royce.com
74,Landing Gear,Rolls-Royce,"London, UK",queries@rolls-royce.com
75,Sensor,Raytheon Technologies,"Waltham, MA, USA",info@raytheon.com
76,Propeller,Safran,"Paris, France",contact@safran-group.com
77,Aircraft Generator,GE Aviation,"Evendale, OH, USA",services@geaviation.com
78,Aircraft Brake,GE Aviation,"Evendale, OH, USA",services@geaviation.com
79,Hydraulic Pump,Airbus,"Toulouse, France",contact@airbus.com
80,Aircraft Starter,GE Aviation,"Evendale, OH, USA",services@geaviation.com
81,Flight Control System,Pratt & Whitney,"East Hartford, CT, USA",help@prattwhitney.com
82,Avionics,Boeing,"Chicago, IL, USA",contact@boeing.com
83,Propeller,Rolls-Royce,"London, UK",queries@rolls-royce.com
84,Navigation System,Rolls-Royce,"London, UK",queries@rolls-royce.com
85,Turbine Blade,Honeywell Aerospace,"Charlotte, NC, USA",aero@honeywell.com
86,Engine,Safran,"Paris, France",contact@safran-group.com
87,Cabin Pressure System,GE Aviation,"Evendale, OH, USA",services@geaviation.com
88,Aircraft Starter,Safran,"Paris, France",contact@safran-group.com
89,Flight Control System,GE Aviation,"Evendale, OH, USA",services@geaviation.com
90,Sensor,GE Aviation,"Evendale, OH, USA",services@geaviation.com
91,Engine,Raytheon Technologies,"Waltham, MA, USA",info@raytheon.com
92,Avionics,Boeing,"Chicago, IL, USA",contact@boeing.com
93,Aircraft Brake,Rolls-Royce,"London, UK",queries@rolls-royce.com
94,Aircraft Antenna,Honeywell Aerospace,"Charlotte, NC, USA",aero@honeywell.com
95,Engine,Raytheon Technologies,"Waltham, MA, USA",info@raytheon.com
96,Flight Control System,Rolls-Royce,"London, UK",queries@rolls-royce.com
97,Aircraft Antenna,Raytheon Technologies,"Waltham, MA, USA",info@raytheon.com
98,Exhaust System,Boeing,"Chicago, IL, USA",contact@boeing.com
99,Aircraft Brake,Airbus,"Toulouse, France",contact@airbus.com
100,Aircraft Alternator,Safran,"Paris, France",contact@safran-group.com
101,Cabin Pressure System,Honeywell Aerospace,"Charlotte, NC, USA",aero@honeywell.com
102,Hydraulic Pump,Airbus,"Toulouse, France",contact@airbus.com
103,Navigation System,Pratt & Whitney,"East Hartford, CT, USA",help@prattwhitney.com
104,Aircraft Tire,Safran,"Paris, France",contact@safran-group.com
105,Aircraft Antenna,Rolls-Royce,"London, UK",queries@rolls-royce.com
106,Cabin Pressure System,Pratt & Whitney,"East Hartford, CT, USA",help@prattwhitney.com
107,Avionics,GE Aviation,"Evendale, OH, USA",services@geaviation.com
108,Aircraft Alternator,Boeing,"Chicago, IL, USA",contact@boeing.com
109,Avionics,GE Aviation,"Evendale, OH, USA",services@geaviation.com
110,Flight Control System,Airbus,"Toulouse, France",contact@airbus.com
111,Aircraft Lighting,Raytheon Technologies,"Waltham, MA, USA",info@raytheon.com
112,Cabin Pressure System,Pratt & Whitney,"East Hartford, CT, USA",help@prattwhitney.com
113,Engine,Honeywell Aerospace,"Charlotte, NC, USA",aero@honeywell.com
114,Navigation System,Honeywell Aerospace,"Charlotte, NC, USA",aero@honeywell.com
115,Fuel Meter,Raytheon Technologies,"Waltham, MA, USA",info@raytheon.com
116,Aircraft Antenna,Airbus,"Toulouse, France",contact@airbus.com
117,Sensor,Rolls-Royce,"London, UK",queries@rolls-royce.com
118,Aircraft Antenna,Raytheon Technologies,"Waltham, MA, USA",info@raytheon.com
119,Exhaust System,Boeing,"Chicago, IL, USA",contact@boeing.com
120,Aircraft Starter,Airbus,"Toulouse, France",contact@airbus.com
121,Aircraft Antenna,Honeywell Aerospace,"Charlotte, NC, USA",aero@honeywell.com
122,Sensor,Safran,"Paris, France",contact@safran-group.com
123,Aircraft Generator,Airbus,"Toulouse, France",contact@airbus.com
124,Aircraft Fuel Pump,Honeywell Aerospace,"Charlotte, NC, USA",aero@honeywell.com
125,Aircraft Alternator,Pratt & Whitney,"East Hartford, CT, USA",help@prattwhitney.com
126,Cabin Pressure System,Raytheon Technologies,"Waltham, MA, USA",info@raytheon.com
127,Aircraft Tire,Pratt & Whitney,"East Hartford, CT, USA",help@prattwhitney.com
128,Aircraft Lighting,GE Aviation,"Evendale, OH, USA",services@geaviation.com
129,Sensor,Boeing,"Chicago, IL, USA",contact@boeing.com
130,Turbine Blade,Safran,"Paris, France",contact@safran-group.com
131,Turbine Blade,Raytheon Technologies,"Waltham, MA, USA",info@raytheon.com
132,Aircraft Tire,GE Aviation,"Evendale, OH, USA",services@geaviation.com
133,Sensor,GE Aviation,"Evendale, OH, USA",services@geaviation.com
134,Aircraft Battery,Raytheon Technologies,"Waltham, MA, USA",info@raytheon.com
135,Hydraulic Pump,Safran,"Paris, France",contact@safran-group.com
136,Turbine Blade,Safran,"Paris, France",contact@safran-group.com
137,Exhaust System,Boeing,"Chicago, IL, USA",contact@boeing.com
138,Hydraulic Pump,Boeing,"Chicago, IL, USA",contact@boeing.com
139,Aircraft Battery,Rolls-Royce,"London, UK",queries@rolls-royce.com
140,Fuel Meter,GE Aviation,"Evendale, OH, USA",services@geaviation.com
141,Sensor,Airbus,"Toulouse, France",contact@airbus.com
142,Cabin Pressure System,Boeing,"Chicago, IL, USA",contact@boeing.com
143,Aircraft Starter,GE Aviation,"Evendale, OH, USA",services@geaviation.com
144,Hydraulic Pump,Pratt & Whitney,"East Hartford, CT, USA",help@prattwhitney.com
145,Aircraft Battery,Airbus,"Toulouse, France",contact@airbus.com
146,Fuel Meter,Safran,"Paris, France",contact@safran-group.com
147,Navigation System,Safran,"Paris, France",contact@safran-group.com
148,Aircraft Lighting,Raytheon Technologies,"Waltham, MA, USA",info@raytheon.com
149,Navigation System,Rolls-Royce,"London, UK",queries@rolls-royce.com
150,Avionics,Honeywell Aerospace,"Charlotte, NC, USA",aero@honeywell.com
151,Aircraft Lighting,Safran,"Paris, France",contact@safran-group.com
152,Avionics,Safran,"Paris, France",contact@safran-group.com
153,Turbine Blade,Rolls-Royce,"London, UK",queries@rolls-royce.com
154,Aircraft Starter,Honeywell Aerospace,"Charlotte, NC, USA",aero@honeywell.com
155,Sensor,Safran,"Paris, France",contact@safran-group.com
156,Aircraft Alternator,Pratt & Whitney,"East Hartford, CT, USA",help@prattwhitney.com
157,Aircraft Lighting,GE Aviation,"Evendale, OH, USA",services@geaviation.com
158,Landing Gear,Pratt & Whitney,"East Hartford, CT, USA",help@prattwhitney.com
159,Aircraft Tire,GE Aviation,"Evendale, OH, USA",services@geaviation.com
160,Aircraft Brake,Boeing,"Chicago, IL, USA",contact@boeing.com
161,Aircraft Brake,Raytheon Technologies,"Waltham, MA, USA",info@raytheon.com
162,Landing Gear,Boeing,"Chicago, IL, USA",contact@boeing.com
163,Avionics,Pratt & Whitney,"East Hartford, CT, USA",help@prattwhitney.com
164,Aircraft Battery,Boeing,"Chicago, IL, USA",contact@boeing.com
165,Sensor,Pratt & Whitney,"East Hartford, CT, USA",help@prattwhitney.com
166,Flight Control System,Airbus,"Toulouse, France",contact@airbus.com
167,Flight Control System,Airbus,"Toulouse, France",contact@airbus.com
168,Navigation System,Honeywell Aerospace,"Charlotte, NC, USA",aero@honeywell.com
169,Engine,Raytheon Technologies,"Waltham, MA, USA",info@raytheon.com
170,Aircraft Fuel Pump,Raytheon Technologies,"Waltham, MA, USA",info@raytheon.com
171,Cabin Pressure System,Raytheon Technologies,"Waltham, MA, USA",info@raytheon.com
172,Aircraft Alternator,Rolls-Royce,"London, UK",queries@rolls-royce.com
173,Aircraft Alternator,Safran,"Paris, France",contact@safran-group.com
174,Propeller,Pratt & Whitney,"East Hartford, CT, USA",help@prattwhitney.com
175,Propeller,GE Aviation,"Evendale, OH, USA",services@geaviation.com
176,Hydraulic Pump,Honeywell Aerospace,"Charlotte, NC, USA",aero@honeywell.com
177,Fuel Meter,Honeywell Aerospace,"Charlotte, NC, USA",aero@honeywell.com
178,Fuel Meter,Pratt & Whitney,"East Hartford, CT, USA",help@prattwhitney.com
179,Avionics,Airbus,"Toulouse, France",contact@airbus.com
180,Flight Control System,Pratt & Whitney,"East Hartford, CT, USA",help@prattwhitney.com
181,Aircraft Alternator,Rolls-Royce,"London, UK",queries@rolls-royce.com
182,Landing Gear,Safran,"Paris, France",contact@safran-group.com
183,Navigation System,Honeywell Aerospace,"Charlotte, NC, USA",aero@honeywell.com
184,Aircraft Brake,Raytheon Technologies,"Waltham, MA, USA",info@raytheon.com
185,Aircraft Fuel Pump,Safran,"Paris, France",contact@safran-group.com
186,Aircraft Tire,Rolls-Royce,"London, UK",queries@rolls-royce.com
187,Aircraft Fuel Pump,Safran,"Paris, France",contact@safran-group.com
188,Aircraft Lighting,Safran,"Paris, France",contact@safran-group.com
189,Exhaust System,Rolls-Royce,"London, UK",queries@rolls-royce.com
190,Aircraft Brake,Honeywell Aerospace,"Charlotte, NC, USA",aero@honeywell.com
191,Aircraft Antenna,GE Aviation,"Evendale, OH, USA",services@geaviation.com
192,Aircraft Lighting,Airbus,"Toulouse, France",contact@airbus.com
193,Sensor,Honeywell Aerospace,"Charlotte, NC, USA",aero@honeywell.com
194,Navigation System,Rolls-Royce,"London, UK",queries@rolls-royce.com
195,Engine,Rolls-Royce,"London, UK",queries@rolls-royce.com
196,Aircraft Alternator,Honeywell Aerospace,"Charlotte, NC, USA",aero@honeywell.com
197,Aircraft Brake,GE Aviation,"Evendale, OH, USA",services@geaviation.com
198,Avionics,Boeing,"Chicago, IL, USA",contact@boeing.com
199,Aircraft Alternator,Airbus,"Toulouse, France",contact@airbus.com
200,Sensor,Honeywell Aerospace,"Charlotte, NC, USA",aero@honeywell.com
